"Value Date","Statement Date","Account Number","Currency","Transaction Amount","Beneficiary/ Remitter Name","Customer Reference Number","Product Type","Transaction Description","Narrative"
"08/04/2026","08/04/2026","2987066","ZAR","'-39,290.92","","820 0201523001","DE-Data Entry","TARGET BALANCING SWEEP (EOD)","820 0201523001"
"08/04/2026","08/04/2026","2987066","ZAR","5,438.35","AMECOR ACCO2506550050861","HIT011","FT-Funds Transfer","INCOMING CLEARING TRANSFER","250655                CUSTOMER COMPUTE,FNB"
"08/04/2026","08/04/2026","2987066","ZAR","1,523.75","(BT)QXS53005S21633981168","GATE TO DOOR /Q4","FT-Funds Transfer","INCOMING CLEARING TRANSFER","050002                 KIMBERLEY,C.P. ,STD"
"08/04/2026","08/04/2026","2987066","ZAR","7,361.15","FSK EL2506550062187","XPA001 XPANDED S","FT-Funds Transfer","INCOMING CLEARING TRANSFER","250655                CUSTOMER COMPUTE,FNB"
"08/04/2026","08/04/2026","2987066","ZAR","2,346.00","AMECOR     2506550063055","SHA009 SHADOW","FT-Funds Transfer","INCOMING CLEARING TRANSFER","250655                CUSTOMER COMPUTE,FNB"
"08/04/2026","08/04/2026","2987066","ZAR","725.65","FSK / AMECOR","TRSS24 Hour Reac","FT-Funds Transfer","INCOMING CLEARING TRANSFER","196005                 ELECTRONIC PAYM,NED"
"08/04/2026","08/04/2026","2987066","ZAR","1,190.25","THR001 / 373 ALARMS","ABSA BANK THR001","FT-Funds Transfer","INCOMING CLEARING TRANSFER","632005                ABSA ELECTRONIC ,ABS"
"08/04/2026","08/04/2026","2987066","ZAR","15,019.00","FSK   2506550063024","DEEP BLUE DEE002","FT-Funds Transfer","INCOMING CLEARING TRANSFER","250655                CUSTOMER COMPUTE,FNB"
"08/04/2026","08/04/2026","2987066","ZAR","5,686.77","FSK EL2506550062783","PAPAMANI","FT-Funds Transfer","INCOMING CLEARING TRANSFER","250655                CUSTOMER COMPUTE,FNB"
